English Word,French Word,Frequency
project,projet,249
world,monde,849
library,bibliothèque,232
their,leur,2077
often,souvent,123
public,Publique,57
certain,certain,176
copyright,droits d'auteur,228
should,devrait,1576
version,version,222
complete,Achevée,246
works,travaux,251
provided,à condition de,252
college,Université,226
permission,autorisation,225
machine,machine,223
readable,lisible,224
copies,copies,446
distributed,distribué,443
others,autres,449
personal,personnel,234
prohibited,interdit,221
commercial,commercial,221
includes,comprend,223
service,un service,443
download,Télécharger,221
membership,adhésion,221
proud,fier,203
entertainment,divertissement,37
neither,ni,185
under,sous,290
welcome,Bienvenue,365
plain,plaine,115
since,depuis,448
these,celles-ci,1324
further,plus loin,190
below,au dessous de,54
number,nombre,51
letter,lettre,245
would,aurait,2295
about,sur,403
please,S'il vous plaît,393
midnight,minuit,43
month,mois,42
those,ceux,547
first,première,1161
least,moins,101
hours,heures,150
written,écrit,35
hundred,cent,114
which,lequel,2316
paper,papier,104
other,autre,678
point,point,143
general,général,204
small,petit,99
effect,effet,72
reputation,réputation,47
right,droite,350
subject,matière,102
either,Soit,166
although,bien que,79
request,demande,65
cannot,ne peux pas,762
party,fête,50
receive,recevoir,96
discover,découvrir,35
within,dans,493
money,argent,182
person,la personne,149
return,revenir,196
second,seconde,572
express,Express,36
particular,particulier,56
purpose,objectif,207
above,au dessus,147
cause,cause,337
freely,librement,55
think,pense,1025
write,écrire,125
desire,le désir,218
might,pourrait,496
never,jamais,1011
tender,soumissionner,138
memory,Mémoire,58
bright,brillant,68
making,fabrication,81
where,où,1232
sweet,sucré,789
cruel,cruel,70
fresh,Frais,87
spring,printemps,59
content,contenu,157
waste,déchets,44
grave,la tombe,177
shall,doit,3591
field,champ,187
worth,vaut,204
being,étant,662
beauty,beauté,201
treasure,Trésor,51
shame,la honte,302
praise,louange,182
answer,répondre,380
child,enfant,232
count,compter,107
excuse,excuse,78
blood,du sang,639
glass,verre,56
another,un autre,430
whose,dont,615
repair,réparation,45
mother,mère,360
lovely,charmant,53
through,par,261
despite,malgré,52
golden,d'or,91
single,Célibataire,58
image,image,46
spend,dépenser,66
nothing,rien,633
abuse,abuser de,46
given,donné,191
great,génial,899
having,ayant,155
alone,seul,236
nature,la nature,344
leave,laisser,651
lives,vies,204
gentle,doux,366
frame,Cadre,46
every,chaque,491
dwell,habiter,39
summer,été,54
winter,hiver,47
there,Là,1808
quite,assez,86
walls,des murs,85
flowers,fleurs,47
though,bien que,628
substance,substance,41
still,encore,552
place,endroit,430
willing,prêt,39
breed,race,49
times,fois,236
could,pourrait,623
death,décès,858
depart,partir,65
living,vivant,120
light,lumière,264
burning,brûlant,45
sight,vue,199
looks,regards,214
sacred,sacré,47
majesty,majesté,256
strong,fort,185
youth,jeunesse,277
mortal,mortel,96
weary,se lasser,76
feeble,faible,37
unless,sauf si,153
music,la musique,201
pleasure,plaisir,179
offend,offenser,59
chide,gronder,49
parts,les pièces,112
husband,mari,291
happy,heureux,202
prove,prouver,252
widow,veuve,110
behind,derrière,118
private,privé,66
shape,forme,87
toward,vers,103
grant,subvention,109
chief,chef,108
change,changement,155
thought,pensée,375
presence,présence,106
wisdom,sagesse,93
without,sans pour autant,364
folly,folie,79
cease,cesser,47
store,boutique,38
bounty,prime,40
meant,signifiait,49
tells,raconte,44
brave,courageux,160
night,nuit,630
behold,voir,158
barren,Dénudé,40
green,vert,104
borne,supporté,79
beard,barbe,95
question,question,149
themselves,se,158
hence,Par conséquent,366
longer,plus long,112
yours,le tiens,255
coming,venir,154
prepare,préparer,65
again,encore,768
after,après,405
issue,problème,110
house,maison,538
eternal,éternel,38
father,père,836
stars,étoiles,70
pluck,cueillir,107
quality,qualité,55
fortune,fortune,314
brief,bref,91
thunder,tonnerre,62
heaven,paradis,615
knowledge,connaissance,78
constant,constant,48
truth,vérité,330
together,ensemble,256
thrive,prospérer,56
consider,considérer,49
thing,chose,355
holds,tient,82
little,peu,481
nought,néant,57
shows,montre,103
secret,secret,63
perceive,apercevoir,90
state,Etat,305
before,avant,835
tyrant,tyran,49
means,veux dire,264
stand,supporter,567
maiden,jeune fille,42
painted,peint,52
counterfeit,contrefaire,52
outward,vers l'extérieur,49
keeps,garde,75
drawn,tiré,85
skill,compétence,48
believe,croyez,233
knows,sait,213
faces,visages,54
tongue,langue,397
alive,vivant,90
twice,deux fois,70
rough,rugueux,68
shake,secouer,101
short,court,94
sometime,parfois,76
complexion,complexion,40
chance,chance,104
course,cours,157
blunt,cru,67
earth,Terre,300
teeth,les dents,56
fierce,féroce,40
sorry,Pardon,92
forbid,interdire,74
loves,aime,286
wrong,faux,228
young,Jeune,462
master,Maître,765
mistress,maîtresse,450
passion,la passion,106
heart,cœur,985
acquainted,connaissance,39
false,faux,289
fashion,mode,99
object,objet,39
souls,âmes,132
woman,femme,321
wrought,forgé,41
truly,vraiment,172
breast,Sein,97
elder,aîné,40
therefore,par conséquent,626
bearing,palier,70
nurse,infirmière,204
slain,tué,125
trust,confiance,175
forget,oublier,92
perfect,parfait,54
strength,force,119
plead,plaider,48
learn,apprendre,91
painter,peintre,44
table,table,55
wherein,où,132
hanging,pendaison,38
turns,se tourne,55
therein,la bride,56
cunning,ruse,75
grace,la grâce,576
favour,favoriser,118
triumph,triomphe,45
pride,fierté,111
buried,enterré,57
frown,froncer les sourcils,46
glory,gloire,85
fight,bats toi,277
merit,mérite,50
witness,témoin,125
naked,nu,52
apparel,vêtements,40
loving,aimant,115
respect,le respect,100
haste,hâte,157
limbs,membres,47
abide,respecter,37
intend,avoir l'intention,53
darkness,obscurité,39
blind,aveugle,80
shadow,ombre,78
jewel,bijou,59
makes,fait du,358
black,noir,160
quiet,silencieux,77
benefit,avantage,39
enemies,ennemis,111
reign,règne,41
consent,consentement,94
hands,mains,319
farther,plus loin,43
clouds,des nuages,59
flatter,flatter,43
disgrace,disgrâce,48
trouble,difficulté,77
curse,malédiction,99
enjoy,prendre plaisir,47
almost,presque,161
wealth,richesse,71
scorn,mépris,95
kings,rois,284
sought,recherché,36
drown,noyer,43
precious,précieux,76
grieve,pleurer,40
account,Compte,45
while,tandis que,244
friend,ami,436
appear,apparaître,129
lovers,les amoureux,74
bones,des os,75
grown,grandi,57
birth,naissance,86
brought,apporté,196
march,Mars,122
better,mieux,594
glorious,glorieux,40
morning,Matin,124
sovereign,souverain,142
early,de bonne heure,50
shine,éclat,45
stain,tache,39
didst,didst,183
promise,promettre,102
forth,en avant,369
rotten,pourri,37
enough,assez,311
speak,parler,1165
wound,blessure,73
grief,douleur,212
repent,se repentir,59
sorrow,chagrin,180
bears,ours,107
cross,traverser,63
tears,larmes,284
ransom,une rançon,53
deeds,actes,119
silver,argent,61
fault,faute,162
bring,apporter,444
sense,sens,124
lawful,légitime,61
civil,civil,49
needs,Besoins,147
thief,voleur,66
confess,avouer,126
remain,rester,63
spite,dépit,59
steal,voler,84
delight,délice,56
kindness,la gentillesse,51
report,rapport,146
dearest,très cher,55
comfort,confort,186
whether,qu'il s'agisse,96
argument,argument,67
excellent,excellent,119
absence,absence,55
leisure,loisir,63
entertain,divertir,39
blame,faire des reproches,82
taste,goût,80
known,connu,187
pretty,jolie,116
liberty,liberté,73
forbear,ancêtre,57
dearly,chèrement,42
because,car,187
found,a trouvé,224
sleep,sommeil,257
dreams,rêves,46
clear,clair,59
heavy,lourd,165
flesh,la chair,131
matter,matière,354
large,grand,71
water,eau,134
attend,assister,116
swift,rapide,65
motion,mouvement,79
until,jusqu'à,76
health,santé,102
straight,tout droit,152
title,Titre,87
picture,image,41
feast,le banquet,100
present,présent,244
thrust,poussée,54
whence,d'où,75
prize,prix,47
greet,saluer,43
desert,désert,44
guard,garde,129
teach,enseigner,104
beast,la bête,71
weight,poids,44
wretch,misérable,57
speed,la vitesse,240
anger,colère,54
sharp,tranchant,63
offence,infraction,94
horse,cheval,221
fiery,ardent,47
going,Aller,106
solemn,solennel,41
captain,capitaine,170
special,spécial,37
instant,instant,61
strange,étrange,250
cheek,joue,74
breath,souffle,207
virtue,vertu,185
stone,calcul,59
sword,épée,347
quick,rapide,101
judgment,jugement,100
force,Obliger,107
former,ancien,63
spirit,esprit,263
shore,rive,54
blest,heureux,53
slave,esclave,128
watch,regarder,185
servant,serviteur,416
jealous,jaloux,49
affairs,affaires,67
crave,demander,42
bound,lié,175
suffer,souffrir,82
patience,la patience,190
pardon,pardon,298
brains,cerveaux,46
wonder,merveille,116
worse,pire,161
flourish,fleurir,133
awake,éveillé,77
remedy,remède,59
indeed,En effet,437
contrary,contraire,47
knife,couteau,52
advantage,avantage,72
kingdom,Royaume,91
taught,enseigné,49
fears,peurs,77
power,Puissance,307
action,action,114
flower,fleur,43
gates,portes,101
steel,acier,68
fearful,craintif,89
beggar,mendiant,60
faith,Foi,400
authority,autorité,55
simple,Facile,112
blush,rougir,50
bastard,Connard,206
durst,durst,51
voice,voix,156
commend,saluer,90
seeing,voyant,50
guess,devine,50
measure,mesure,95
smell,odeur,48
weeds,mauvaises herbes,44
common,commun,151
suspect,suspect,38
flies,mouches,54
slander,calomnie,46
remember,rappelles toi,189
perhaps,peut-être,44
devise,concevoir,48
carry,porter,87
coward,lâche,85
ground,sol,161
peace,paix,534
aside,de côté,465
proceed,procéder,72
always,toujours,62
already,déjà,147
minds,esprits,63
commit,commettre,39
brain,cerveau,79
profit,profit,37
double,double,80
thank,remercier,289
faint,perdre connaissance,43
knowing,connaissance,46
humble,humble,63
yield,rendement,143
blessing,bénédiction,46
gross,brut,54
silence,silence,112
equal,égal,44
story,récit,67
something,quelque chose,180
struck,frappé,74
giving,donnant,58
familiar,familier,36
ghost,fantôme,85
farewell,adieu,352
comes,vient,616
dream,rêver,119
doing,Faire,69
vantage,avantage,39
morrow,demain,109
humour,humour,86
finds,trouve,42
revolt,révolte,42
lords,seigneurs,497
sport,sport,123
finger,doigt,61
queen,reine,943
betray,trahir,37
burden,fardeau,46
fruit,fruit,36
cheer,acclamation,73
forward,vers l'avant,90
despair,désespoir,54
third,troisième,240
colour,Couleur,73
office,Bureau,127
appears,apparaît,50
figure,figure,40
ladies,Dames,144
crown,couronne,257
drops,gouttes,52
prayers,prières,86
divine,Divin,49
affections,affections,42
proof,preuve,76
guilty,coupable,70
patient,patient,87
drink,boisson,154
bitter,amer,74
assure,assurer,50
throw,jeter,104
besides,outre,108
partly,partiellement,35
catch,capture,69
creature,créature,67
plague,peste,94
begin,commencer,113
reason,raison,281
afterwards,ensuite,38
marriage,mariage,110
unknown,inconnue,44
taken,pris,94
accuse,accuser,38
sickness,maladie,52
policy,politique,45
goodness,la bonté,56
poison,poison,79
drunk,ivre,68
wounded,blessés,38
maintain,maintenir,42
beyond,au-delà,59
rather,plutôt,321
heard,entendu,345
falls,des chutes,81
fools,imbéciles,117
render,rendre,42
sooner,plus tôt,62
sound,du son,218
swear,jurer,255
become,devenir,141
herself,se,97
prison,prison,91
learned,appris,49
whole,entier,120
several,nombreuses,79
credit,crédit,51
habit,habitude,39
manner,manière,80
madness,la démence,68
foolish,insensé,95
deserve,mériter,65
denied,refusé,55
broke,cassé,85
dispatch,envoi,72
follow,suivre,308
angel,ange,52
saint,Saint,126
devil,diable,217
fiend,démon,63
doubt,doute,172
mercy,pitié,173
saying,en disant,56
charge,charge,200
terms,termes,75
dying,en train de mourir,46
desperate,désespéré,49
except,sauf,38
discourse,discours,59
sworn,juré,131
mistake,erreur,40
revenge,vengeance,154
worship,culte,93
commanded,commandé,40
conscience,conscience,122
treason,trahison,89
oaths,serments,69
honest,honnête,285
cupid,Cupidon,40
asleep,endormi,60
endure,supporter,76
trial,procès,57
touch,toucher,113
withal,avec,142
chaste,chaste,38
dramatis,dramatis,36
france,France,527
parolles,parolles,175
french,français,224
steward,intendant,47
countess,comtesse,121
clown,pitre,350
daughter,fille,410
neighbour,voisine,51
mariana,Mariana,46
scene,scène,795
paris,Paris,136
palace,palais,160
enter,entrer,2098
command,commander,171
passage,passage,35
spoke,parlait,148
season,saison,41
enemy,ennemi,157
understand,comprendre,98
speech,discours,127
bless,bénir,105
exeunt,sortir,1035
undone,défait,55
ambition,ambition,45
itself,lui-même,240
brows,sourcils,44
trick,tour,50
fancy,fantaisie,47
soldier,soldat,253
valiant,vaillant,150
warlike,guerrier,61
marry,marier,365
companion,un compagnon,37
hangs,bloque,37
stomach,estomac,42
anything,n'importe quoi,105
court,tribunal,255
safety,sécurité,73
valour,valeur,95
business,Entreprise,232
serve,servir,186
counsel,Conseil,130
advice,Conseil,43
ourselves,nous-mêmes,115
native,originaire de,43
pains,des douleurs,91
fought,combattu,65
cousin,cousin,258
myself,moi même,566
contempt,mépris,46
royal,Royal,210
quoth,quoth,65
knave,fripon,165
sirrah,sirrah,147
fellow,compagnon,309
heads,têtes,111
stood,se tenait,93
sentence,phrase,39
forsooth,en vérité,47
demand,demande,60
knight,Chevalier,130
yourself,toi même,280
choice,choix,69
messenger,Messager,300
brother,frère,557
noble,noble,611
sister,sœur,187
affection,affection,73
encounter,rencontre,52
search,chercher,42
danger,danger,99
success,Succès,48
attended,assisté,45
bought,acheté,50
dance,Danse,71
doctor,docteur,109
laugh,rire,85
wings,ailes,55
traitor,traitre,123
uncle,oncle,195
spare,de rechange,60
practice,entraine toi,41
modest,modeste,38
peril,péril,43
minister,ministre,38
proclaim,proclamer,39
courage,courage,67
happiness,bonheur,57
hazard,danger,40
infinite,infini,38
match,rencontre,81
chair,chaise,39
mouth,bouche,128
constable,gendarme,85
warrant,mandat,174
tedious,fastidieux,44
protest,manifestation,53
afraid,peur,41
fourth,Quatrième,51
liege,Liege,139
highness,altesse,188
mighty,puissant,109
unworthy,indigne,36
justice,Justice,238
estate,biens,48
smile,sourire,77
tonight,ce soir,189
scarce,rare,71
window,la fenêtre,46
beaten,battu,46
lordship,seigneurie,113
commission,commission,47
awhile,quelque temps,102
cares,se soucie,37
priest,prêtre,69
tread,bande de roulement,42
strike,la grève,154
chamber,chambre,113
noise,bruit,110
merry,joyeux,169
whither,où,88
everything,tout,42
tailor,tailleur,49
order,ordre,92
dinner,dîner,87
between,entre,236
displeasure,mécontentement,40
clothes,vêtements,40
entreat,supplier,111
flight,vol,53
quarrel,querelle,96
council,conseil,49
along,le long de,112
country,pays,138
yonder,là-bas,69
dreadful,horrible,59
violent,violent,40
heels,talons,73
embrace,embrasse,68
wrath,colère,55
approach,approche,72
labour,la main d'oeuvre,80
misery,misère,38
tarry,goudronneux,45
conduct,conduite,48
hostess,hôtesse,111
surely,sûrement,39
gallant,galant,53
rascal,coquin,56
battle,bataille,112
courtesy,courtoisie,64
offer,offre,87
malice,malice,71
fetch,chercher,122
undertake,entreprendre,44
suddenly,tout à coup,50
deliver,livrer,100
bottom,bas,103
drums,tambours,42
disposition,disposition,44
dishonour,déshonorer,39
parted,séparé,44
purse,bourse,82
meaning,sens,57
ignorant,ignorant,48
possible,possible,58
swore,juré,51
opinion,opinion,83
proper,correct,63
knock,frappe,73
company,entreprise,205
street,rue,83
hereafter,"ci-après, par la suite",48
wench,jeune fille,56
dagger,dague,42
condition,état,57
innocent,innocent,52
behalf,nom,45
rogue,coquin,79
throne,trône,67
kneel,s'agenouiller,62
prince,prince,742
unhappy,malheureux,38
ladyship,Madame,38
belike,être comme,42
henceforth,désormais,40
natural,Naturel,58
deadly,mortel,49
close,proche,103
wives,épouses,62
ancient,ancien,78
names,des noms,56
utter,prononcer,39
enobarbus,énobarbus,154
dolabella,Dolabella,39
pompey,pompey,199
soothsayer,devin,43
egypt,Egypte,46
train,train,73
people,gens,200
speaks,parle,128
witch,sorcière,92
mirth,gaieté,51
sudden,soudain,79
occasion,occasion,74
piece,pièce,87
victory,la victoire,47
sweat,transpiration,38
abroad,à l'étranger,63
doors,des portes,62
murder,meurtre,65
intent,intention,49
stroke,accident vasculaire cérébral,39
supper,souper,54
custom,Douane,43
ready,prêt,143
villain,scélérat,241
throat,gorge,50
trumpet,trompette,84
capitol,Capitole,43
blows,coups,71
marcus,Marcus,138
shortly,prochainement,46
emperor,empereur,91
round,rond,74
lieutenant,lieutenant,75
athens,Athènes,72
dread,crainte,47
defend,défendre,66
raise,élever,47
meeting,réunion,51
garden,jardin,44
whore,putain,45
maids,servantes,52
staff,Personnel,39
empty,vide,50
storm,orage,57
satisfied,satisfait,47
challenge,défi,48
armour,armure,41
fairy,Fée,57
chain,chaîne,64
hateful,odieux,39
loose,ample,47
bodies,corps,44
study,étude,62
obedience,obéissance,52
stuff,des trucs,48
visit,visite,55
merchant,marchande,60
avoid,éviter,38
oliver,oliver,54
orlando,orlando,164
shepherd,berger,110
phebe,phebe,46
forest,forêt,70
reverence,révérence,42
lands,terres,59
brook,ruisseau,77
device,dispositif,42
monster,monstre,69
weeping,larmes,56
judge,juge,88
niece,nièce,63
church,église,63
seven,Sept,70
slender,mince,108
knees,les genoux,51
hollow,creux,47
vengeance,vengeance,52
claim,prétendre,62
flood,inonder,46
according,selon,45
degree,diplôme,47
prologue,prologue,39
syracuse,Syracuse,238
porter,porter,44
pound,livre,53
damned,damné,44
execution,exécution,48
fatal,fatal,42
marcius,Marcius,143
cominius,cominius,104
tribunes,tribunes,67
citizen,citoyenne,186
weapons,armes,43
senate,sénat,40
rivers,rivières,58
senator,sénateur,90
hector,Hector,197
ulysses,Ulysse,114
regard,qui concerne,43
banish,bannir,37
mischief,sottises,42
charity,charité,54
cloten,cailloter,104
posthumus,posthume,129
forces,les forces,44
castle,Château,104
murther,aller plus loin,49
tempest,tempête,42
realm,domaine,53
valentine,Valentin,230
claudio,Claudio,174
thomas,Thomas,75
percy,Percy,77
edmund,Edmund,71
poins,poins,103
gaunt,décharné,69
pistol,pistolet,184
elbow,coude,49
clarence,clarté,210
mowbray,mowbray,60
surrey,Surrey,50
gower,gower,53
bishop,évêque,43
oxford,Oxford,55
bedford,Bedford,48
exeter,Exeter,98
talbot,talbot,157
suffolk,suffolk,247
philip,Philippe,69
protector,protecteur,50
cardinal,cardinal,144
somerset,somerset,144
tower,la tour,78
reignier,règne,49
margaret,margaret,204
cromwell,Cromwell,44
clifford,Clifford,134
wolsey,Wolsey,100
ferdinand,Ferdinand,53
hubert,Hubert,94
milan,Milan,40
cinna,cinna,40
maria,maria,114
venice,venise,86
duncan,Duncan,37
salerio,salerio,48
lorenzo,Lorenzo,81
padua,Padoue,41
fenton,Fenton,46
pandarus,Pandarus,187
oberon,Oberon,45
pedro,pedro,155
claud,claud,124
emilia,Émilie,149
lucentio,Lucentio,126
miranda,Miranda,64
ariel,Ariel,91
bassianus,bassianus,45
polixenes,polixènes,84
viola,alto,142
launce,lancer,82
julia,Julia,145
leontes,leontes,150
paulina,paulina,84
